Model,Accuracy,Precision,Recall,F1 Score,ROC AUC
XGBoost,0.9775,0.6352941176470588,0.7941176470588235,0.7058823529411765,0.9700706369504324
Random Forest,0.9575,0.4260869565217391,0.7205882352941176,0.5355191256830601,0.9584437035683839
Decision Tree,0.9445,0.34074074074074073,0.6764705882352942,0.45320197044334976,0.8152021678236513
Logistic Regression,0.844,0.1534090909090909,0.7941176470588235,0.2571428571428571,0.8947905249056143
